<?xml version="1.0"?>
<?mso-application progid="Excel.Sheet"?>
<Workbook xmlns="urn:schemas-microsoft-com:office:spreadsheet"
 xmlns:o="urn:schemas-microsoft-com:office:office"
 xmlns:x="urn:schemas-microsoft-com:office:excel"
 xmlns:ss="urn:schemas-microsoft-com:office:spreadsheet"
 xmlns:html="http://www.w3.org/TR/REC-html40">
 <DocumentProperties xmlns="urn:schemas-microsoft-com:office:office">
  <LastAuthor>Gente</LastAuthor>
  <Created>2020-06-04T17:02:40Z</Created>
  <LastSaved>2021-01-27T13:53:09Z</LastSaved>
  <Version>16.00</Version>
 </DocumentProperties>
 <OfficeDocumentSettings xmlns="urn:schemas-microsoft-com:office:office">
  <AllowPNG/>
 </OfficeDocumentSettings>
 <ExcelWorkbook xmlns="urn:schemas-microsoft-com:office:excel">
  <WindowHeight>16080</WindowHeight>
  <WindowWidth>28040</WindowWidth>
  <WindowTopX>380</WindowTopX>
  <WindowTopY>500</WindowTopY>
  <ProtectStructure>False</ProtectStructure>
  <ProtectWindows>False</ProtectWindows>
 </ExcelWorkbook>
 <Styles>
  <Style ss:ID="Default" ss:Name="Normal">
   <Alignment ss:Vertical="Bottom"/>
   <Borders/>
   <Font ss:FontName="Calibri" x:Family="Swiss" ss:Size="11" ss:Color="#000000"/>
   <Interior/>
   <NumberFormat/>
   <Protection/>
  </Style>
  <Style ss:ID="s63">
   <Alignment ss:Horizontal="Center" ss:Vertical="Center" ss:WrapText="1"/>
   <Borders>
    <Border ss:Position="Bottom" ss:LineStyle="Continuous" ss:Weight="1"
     ss:Color="#A9A9A9"/>
    <Border ss:Position="Left" ss:LineStyle="Continuous" ss:Weight="1"
     ss:Color="#A9A9A9"/>
    <Border ss:Position="Right" ss:LineStyle="Continuous" ss:Weight="1"
     ss:Color="#A9A9A9"/>
    <Border ss:Position="Top" ss:LineStyle="Continuous" ss:Weight="1"
     ss:Color="#A9A9A9"/>
   </Borders>
   <Font ss:FontName="Times New Roman" x:Family="Roman" ss:Size="9.75"
    ss:Color="#FFFFFF"/>
   <Interior ss:Color="#808080" ss:Pattern="Solid"/>
  </Style>
 </Styles>
 <Worksheet ss:Name="egente">
  <Table ss:ExpandedColumnCount="16" ss:ExpandedRowCount="1" x:FullColumns="1"
   x:FullRows="1" ss:DefaultColumnWidth="245" ss:DefaultRowHeight="15">
   <Column ss:Width="50"/>
   <Column ss:Width="69"/>
   <Column ss:Width="123"/>
   <Column ss:Width="249"/>
   <Column ss:Width="46"/>
   <Column ss:Width="27"/>
   <Column ss:Width="53"/>
   <Column ss:Width="79"/>
   <Column ss:Width="62"/>
   <Column ss:Width="71"/>
   <Column ss:Width="72"/>
   <Column ss:Width="201"/>
   <Column ss:Width="58"/>
   <Column ss:Width="66"/>
   <Column ss:Width="74"/>
   <Column ss:Width="60"/>
   <Row ss:AutoFitHeight="0" ss:Height="14.25">
    <Cell ss:StyleID="s63"><Data ss:Type="String">Empresa</Data></Cell>
    <Cell ss:StyleID="s63"><Data ss:Type="String">Operação</Data></Cell>
    <Cell ss:StyleID="s63"><Data ss:Type="String">Atividade</Data></Cell>
    <Cell ss:StyleID="s63"><Data ss:Type="String">Colaborador</Data></Cell>
    <Cell ss:StyleID="s63"><Data ss:Type="String">Matrícula</Data></Cell>
    <Cell ss:StyleID="s63"><Data ss:Type="String">Sexo</Data></Cell>
    <Cell ss:StyleID="s63"><Data ss:Type="String">Data Nasc.</Data></Cell>
    <Cell ss:StyleID="s63"><Data ss:Type="String">Data Admisão</Data></Cell>
    <Cell ss:StyleID="s63"><Data ss:Type="String">CPF</Data></Cell>
    <Cell ss:StyleID="s63"><Data ss:Type="String">PCD</Data></Cell>
    <Cell ss:StyleID="s63"><Data ss:Type="String">RG</Data></Cell>
    <Cell ss:StyleID="s63"><Data ss:Type="String">Cargo</Data></Cell>
    <Cell ss:StyleID="s63"><Data ss:Type="String">Salário</Data></Cell>
    <Cell ss:StyleID="s63"><Data ss:Type="String">Código Matriz</Data></Cell>
    <Cell ss:StyleID="s63"><Data ss:Type="String">Código Revenda</Data></Cell>
    <Cell ss:StyleID="s63"><Data ss:Type="String">Status</Data></Cell>
   </Row>
  </Table>
  <WorksheetOptions xmlns="urn:schemas-microsoft-com:office:excel">
   <PageSetup>
    <Header x:Margin="0.31496062000000002"/>
    <Footer x:Margin="0.31496062000000002"/>
    <PageMargins x:Bottom="0.78740157499999996" x:Left="0.511811024"
     x:Right="0.511811024" x:Top="0.78740157499999996"/>
   </PageSetup>
   <Unsynced/>
   <Selected/>
   <DoNotDisplayGridlines/>
   <Panes>
    <Pane>
     <Number>3</Number>
     <ActiveRow>1</ActiveRow>
     <RangeSelection>R2:R1048576</RangeSelection>
    </Pane>
   </Panes>
   <ProtectObjects>False</ProtectObjects>
   <ProtectScenarios>False</ProtectScenarios>
  </WorksheetOptions>
 </Worksheet>
</Workbook>
