<?xml version="1.0"?>
<?mso-application progid="Excel.Sheet"?>
<Workbook xmlns="urn:schemas-microsoft-com:office:spreadsheet"
 xmlns:o="urn:schemas-microsoft-com:office:office"
 xmlns:x="urn:schemas-microsoft-com:office:excel"
 xmlns:ss="urn:schemas-microsoft-com:office:spreadsheet"
 xmlns:html="http://www.w3.org/TR/REC-html40">
 <DocumentProperties xmlns="urn:schemas-microsoft-com:office:office">
  <LastAuthor>Welington Marquezini</LastAuthor>
  <Created>2021-12-26T06:59:49Z</Created>
  <LastSaved>2021-12-26T23:33:45Z</LastSaved>
  <Version>16.00</Version>
 </DocumentProperties>
 <OfficeDocumentSettings xmlns="urn:schemas-microsoft-com:office:office">
  <AllowPNG/>
 </OfficeDocumentSettings>
 <ExcelWorkbook xmlns="urn:schemas-microsoft-com:office:excel">
  <WindowHeight>16140</WindowHeight>
  <WindowWidth>28800</WindowWidth>
  <WindowTopX>32767</WindowTopX>
  <WindowTopY>500</WindowTopY>
  <ProtectStructure>False</ProtectStructure>
  <ProtectWindows>False</ProtectWindows>
 </ExcelWorkbook>
 <Styles>
  <Style ss:ID="Default" ss:Name="Normal">
   <Alignment ss:Vertical="Bottom"/>
   <Borders/>
   <Font ss:FontName="Calibri" ss:Size="12"/>
   <Interior/>
   <NumberFormat/>
   <Protection/>
  </Style>
  <Style ss:ID="s18" ss:Name="Moeda">
   <NumberFormat
    ss:Format="_-&quot;R$&quot;\ * #,##0.00_-;\-&quot;R$&quot;\ * #,##0.00_-;_-&quot;R$&quot;\ * &quot;-&quot;??_-;_-@_-"/>
  </Style>
  <Style ss:ID="s63" ss:Parent="s18">
   <Font ss:FontName="Calibri" ss:Size="12"/>
  </Style>
  <Style ss:ID="s64">
   <Borders>
    <Border ss:Position="Bottom" ss:LineStyle="Continuous" ss:Weight="1"/>
   </Borders>
  </Style>
  <Style ss:ID="s65" ss:Parent="s18">
   <Borders>
    <Border ss:Position="Bottom" ss:LineStyle="Continuous" ss:Weight="1"/>
   </Borders>
   <Font ss:FontName="Calibri" ss:Size="12"/>
  </Style>
  <Style ss:ID="s66">
   <NumberFormat ss:Format="0"/>
  </Style>
  <Style ss:ID="s67">
   <NumberFormat ss:Format="&quot;R$&quot;#,##0.00;\-&quot;R$&quot;#,##0.00;&quot;R$&quot;#,##0.00"/>
  </Style>
  <Style ss:ID="s68">
   <NumberFormat
    ss:Format="&quot;R$&quot;#,##0.###############;\-&quot;R$&quot;#,##0.###############;&quot;R$&quot;#,##0.###############"/>
  </Style>
 </Styles>
 <Worksheet ss:Name="Export">
  <Table ss:ExpandedColumnCount="8" ss:ExpandedRowCount="230" x:FullColumns="1"
   x:FullRows="1" ss:DefaultColumnWidth="151" ss:DefaultRowHeight="16">
   <Column ss:Index="2" ss:Width="241"/>
   <Column ss:Index="7" ss:StyleID="s63" ss:AutoFitWidth="0" ss:Span="1"/>
   <Row ss:AutoFitHeight="0">
    <Cell ss:StyleID="s64"><Data ss:Type="String">CÓDIGO</Data></Cell>
    <Cell ss:StyleID="s64"><Data ss:Type="String">NOME</Data></Cell>
    <Cell ss:StyleID="s64"><Data ss:Type="String">Atividade</Data></Cell>
    <Cell ss:StyleID="s64"><Data ss:Type="String">SITUAÇÃO</Data></Cell>
    <Cell ss:StyleID="s64"><Data ss:Type="String">Atributo</Data></Cell>
    <Cell ss:StyleID="s64"><Data ss:Type="String">DIAS</Data></Cell>
    <Cell ss:StyleID="s65"><Data ss:Type="String">Valor</Data></Cell>
    <Cell ss:StyleID="s65"><Data ss:Type="String">Gratificação</Data></Cell>
   </Row>
   <Row ss:AutoFitHeight="0">
    <Cell ss:StyleID="s66"/>
    <Cell ss:Index="6" ss:StyleID="s66"/>
    <Cell ss:StyleID="s67"/>
    <Cell ss:StyleID="s67"/>
   </Row>
   <Row ss:AutoFitHeight="0">
    <Cell ss:StyleID="s66"/>
    <Cell ss:Index="6" ss:StyleID="s66"/>
    <Cell ss:StyleID="s67"/>
    <Cell ss:StyleID="s67"/>
   </Row>
   <Row ss:AutoFitHeight="0">
    <Cell ss:StyleID="s66"/>
    <Cell ss:Index="6" ss:StyleID="s66"/>
    <Cell ss:StyleID="s67"/>
    <Cell ss:StyleID="s67"/>
   </Row>
   <Row ss:AutoFitHeight="0">
    <Cell ss:StyleID="s66"/>
    <Cell ss:Index="6" ss:StyleID="s66"/>
    <Cell ss:StyleID="s67"/>
    <Cell ss:StyleID="s67"/>
   </Row>
   <Row ss:AutoFitHeight="0">
    <Cell ss:StyleID="s66"/>
    <Cell ss:Index="6" ss:StyleID="s66"/>
    <Cell ss:StyleID="s67"/>
    <Cell ss:StyleID="s67"/>
   </Row>
   <Row ss:AutoFitHeight="0">
    <Cell ss:StyleID="s66"/>
    <Cell ss:Index="6" ss:StyleID="s66"/>
    <Cell ss:StyleID="s67"/>
    <Cell ss:StyleID="s67"/>
   </Row>
   <Row ss:AutoFitHeight="0">
    <Cell ss:StyleID="s66"/>
    <Cell ss:Index="6" ss:StyleID="s66"/>
    <Cell ss:StyleID="s67"/>
    <Cell ss:StyleID="s67"/>
   </Row>
   <Row ss:AutoFitHeight="0">
    <Cell ss:StyleID="s66"/>
    <Cell ss:Index="6" ss:StyleID="s66"/>
    <Cell ss:StyleID="s67"/>
    <Cell ss:StyleID="s67"/>
   </Row>
   <Row ss:AutoFitHeight="0">
    <Cell ss:StyleID="s66"/>
    <Cell ss:Index="6" ss:StyleID="s66"/>
    <Cell ss:StyleID="s67"/>
    <Cell ss:StyleID="s67"/>
   </Row>
   <Row ss:AutoFitHeight="0">
    <Cell ss:StyleID="s66"/>
    <Cell ss:Index="6" ss:StyleID="s66"/>
    <Cell ss:StyleID="s67"/>
    <Cell ss:StyleID="s67"/>
   </Row>
   <Row ss:AutoFitHeight="0">
    <Cell ss:StyleID="s66"/>
    <Cell ss:Index="6" ss:StyleID="s66"/>
    <Cell ss:StyleID="s67"/>
    <Cell ss:StyleID="s67"/>
   </Row>
   <Row ss:AutoFitHeight="0">
    <Cell ss:StyleID="s66"/>
    <Cell ss:Index="6" ss:StyleID="s66"/>
    <Cell ss:StyleID="s67"/>
    <Cell ss:StyleID="s67"/>
   </Row>
   <Row ss:AutoFitHeight="0">
    <Cell ss:StyleID="s66"/>
    <Cell ss:Index="6" ss:StyleID="s66"/>
    <Cell ss:StyleID="s67"/>
    <Cell ss:StyleID="s67"/>
   </Row>
   <Row ss:AutoFitHeight="0">
    <Cell ss:StyleID="s66"/>
    <Cell ss:Index="6" ss:StyleID="s66"/>
    <Cell ss:StyleID="s67"/>
    <Cell ss:StyleID="s67"/>
   </Row>
   <Row ss:AutoFitHeight="0">
    <Cell ss:StyleID="s66"/>
    <Cell ss:Index="6" ss:StyleID="s66"/>
    <Cell ss:StyleID="s67"/>
    <Cell ss:StyleID="s67"/>
   </Row>
   <Row ss:AutoFitHeight="0">
    <Cell ss:StyleID="s66"/>
    <Cell ss:Index="6" ss:StyleID="s66"/>
    <Cell ss:StyleID="s67"/>
    <Cell ss:StyleID="s67"/>
   </Row>
   <Row ss:AutoFitHeight="0">
    <Cell ss:StyleID="s66"/>
    <Cell ss:Index="6" ss:StyleID="s66"/>
    <Cell ss:StyleID="s67"/>
    <Cell ss:StyleID="s67"/>
   </Row>
   <Row ss:AutoFitHeight="0">
    <Cell ss:StyleID="s66"/>
    <Cell ss:Index="6" ss:StyleID="s66"/>
    <Cell ss:StyleID="s67"/>
    <Cell ss:StyleID="s67"/>
   </Row>
   <Row ss:AutoFitHeight="0">
    <Cell ss:StyleID="s66"/>
    <Cell ss:Index="6" ss:StyleID="s66"/>
    <Cell ss:StyleID="s67"/>
    <Cell ss:StyleID="s67"/>
   </Row>
   <Row ss:AutoFitHeight="0">
    <Cell ss:StyleID="s66"/>
    <Cell ss:Index="6" ss:StyleID="s66"/>
    <Cell ss:StyleID="s67"/>
    <Cell ss:StyleID="s67"/>
   </Row>
   <Row ss:AutoFitHeight="0">
    <Cell ss:StyleID="s66"/>
    <Cell ss:Index="6" ss:StyleID="s66"/>
    <Cell ss:StyleID="s67"/>
    <Cell ss:StyleID="s67"/>
   </Row>
   <Row ss:AutoFitHeight="0">
    <Cell ss:StyleID="s66"/>
    <Cell ss:Index="6" ss:StyleID="s66"/>
    <Cell ss:StyleID="s67"/>
    <Cell ss:StyleID="s67"/>
   </Row>
   <Row ss:AutoFitHeight="0">
    <Cell ss:StyleID="s66"/>
    <Cell ss:Index="6" ss:StyleID="s66"/>
    <Cell ss:StyleID="s67"/>
    <Cell ss:StyleID="s67"/>
   </Row>
   <Row ss:AutoFitHeight="0">
    <Cell ss:StyleID="s66"/>
    <Cell ss:Index="6" ss:StyleID="s66"/>
    <Cell ss:StyleID="s67"/>
    <Cell ss:StyleID="s67"/>
   </Row>
   <Row ss:AutoFitHeight="0">
    <Cell ss:StyleID="s66"/>
    <Cell ss:Index="6" ss:StyleID="s66"/>
    <Cell ss:StyleID="s67"/>
    <Cell ss:StyleID="s67"/>
   </Row>
   <Row ss:AutoFitHeight="0">
    <Cell ss:StyleID="s66"/>
    <Cell ss:Index="6" ss:StyleID="s66"/>
    <Cell ss:StyleID="s67"/>
    <Cell ss:StyleID="s67"/>
   </Row>
   <Row ss:AutoFitHeight="0">
    <Cell ss:StyleID="s66"/>
    <Cell ss:Index="6" ss:StyleID="s66"/>
    <Cell ss:StyleID="s67"/>
    <Cell ss:StyleID="s67"/>
   </Row>
   <Row ss:AutoFitHeight="0">
    <Cell ss:StyleID="s66"/>
    <Cell ss:Index="6" ss:StyleID="s66"/>
    <Cell ss:StyleID="s67"/>
    <Cell ss:StyleID="s67"/>
   </Row>
   <Row ss:AutoFitHeight="0">
    <Cell ss:StyleID="s66"/>
    <Cell ss:Index="6" ss:StyleID="s66"/>
    <Cell ss:StyleID="s67"/>
    <Cell ss:StyleID="s67"/>
   </Row>
   <Row ss:AutoFitHeight="0">
    <Cell ss:StyleID="s66"/>
    <Cell ss:Index="6" ss:StyleID="s66"/>
    <Cell ss:StyleID="s67"/>
    <Cell ss:StyleID="s67"/>
   </Row>
   <Row ss:AutoFitHeight="0">
    <Cell ss:StyleID="s66"/>
    <Cell ss:Index="6" ss:StyleID="s66"/>
    <Cell ss:StyleID="s67"/>
    <Cell ss:StyleID="s67"/>
   </Row>
   <Row ss:AutoFitHeight="0">
    <Cell ss:StyleID="s66"/>
    <Cell ss:Index="6" ss:StyleID="s66"/>
    <Cell ss:StyleID="s67"/>
    <Cell ss:StyleID="s67"/>
   </Row>
   <Row ss:AutoFitHeight="0">
    <Cell ss:StyleID="s66"/>
    <Cell ss:Index="6" ss:StyleID="s66"/>
    <Cell ss:StyleID="s67"/>
    <Cell ss:StyleID="s67"/>
   </Row>
   <Row ss:AutoFitHeight="0">
    <Cell ss:StyleID="s66"/>
    <Cell ss:Index="6" ss:StyleID="s66"/>
    <Cell ss:StyleID="s67"/>
    <Cell ss:StyleID="s67"/>
   </Row>
   <Row ss:AutoFitHeight="0">
    <Cell ss:StyleID="s66"/>
    <Cell ss:Index="6" ss:StyleID="s66"/>
    <Cell ss:StyleID="s67"/>
    <Cell ss:StyleID="s67"/>
   </Row>
   <Row ss:AutoFitHeight="0">
    <Cell ss:StyleID="s66"/>
    <Cell ss:Index="6" ss:StyleID="s66"/>
    <Cell ss:StyleID="s67"/>
    <Cell ss:StyleID="s67"/>
   </Row>
   <Row ss:AutoFitHeight="0">
    <Cell ss:StyleID="s66"/>
    <Cell ss:Index="6" ss:StyleID="s66"/>
    <Cell ss:StyleID="s67"/>
    <Cell ss:StyleID="s67"/>
   </Row>
   <Row ss:AutoFitHeight="0">
    <Cell ss:StyleID="s66"/>
    <Cell ss:Index="6" ss:StyleID="s66"/>
    <Cell ss:StyleID="s67"/>
    <Cell ss:StyleID="s67"/>
   </Row>
   <Row ss:AutoFitHeight="0">
    <Cell ss:StyleID="s66"/>
    <Cell ss:Index="6" ss:StyleID="s66"/>
    <Cell ss:StyleID="s67"/>
    <Cell ss:StyleID="s67"/>
   </Row>
   <Row ss:AutoFitHeight="0">
    <Cell ss:StyleID="s66"/>
    <Cell ss:Index="6" ss:StyleID="s66"/>
    <Cell ss:StyleID="s67"/>
    <Cell ss:StyleID="s67"/>
   </Row>
   <Row ss:AutoFitHeight="0">
    <Cell ss:StyleID="s66"/>
    <Cell ss:Index="6" ss:StyleID="s66"/>
    <Cell ss:StyleID="s67"/>
    <Cell ss:StyleID="s67"/>
   </Row>
   <Row ss:AutoFitHeight="0">
    <Cell ss:StyleID="s66"/>
    <Cell ss:Index="6" ss:StyleID="s66"/>
    <Cell ss:StyleID="s67"/>
    <Cell ss:StyleID="s67"/>
   </Row>
   <Row ss:AutoFitHeight="0">
    <Cell ss:StyleID="s66"/>
    <Cell ss:Index="6" ss:StyleID="s66"/>
    <Cell ss:StyleID="s67"/>
    <Cell ss:StyleID="s67"/>
   </Row>
   <Row ss:AutoFitHeight="0">
    <Cell ss:StyleID="s66"/>
    <Cell ss:Index="6" ss:StyleID="s66"/>
    <Cell ss:StyleID="s67"/>
    <Cell ss:StyleID="s67"/>
   </Row>
   <Row ss:AutoFitHeight="0">
    <Cell ss:StyleID="s66"/>
    <Cell ss:Index="6" ss:StyleID="s66"/>
    <Cell ss:StyleID="s67"/>
    <Cell ss:StyleID="s67"/>
   </Row>
   <Row ss:AutoFitHeight="0">
    <Cell ss:StyleID="s66"/>
    <Cell ss:Index="6" ss:StyleID="s66"/>
    <Cell ss:StyleID="s67"/>
    <Cell ss:StyleID="s67"/>
   </Row>
   <Row ss:AutoFitHeight="0">
    <Cell ss:StyleID="s66"/>
    <Cell ss:Index="6" ss:StyleID="s66"/>
    <Cell ss:StyleID="s67"/>
    <Cell ss:StyleID="s67"/>
   </Row>
   <Row ss:AutoFitHeight="0">
    <Cell ss:StyleID="s66"/>
    <Cell ss:Index="6" ss:StyleID="s66"/>
    <Cell ss:StyleID="s67"/>
    <Cell ss:StyleID="s67"/>
   </Row>
   <Row ss:AutoFitHeight="0">
    <Cell ss:StyleID="s66"/>
    <Cell ss:Index="6" ss:StyleID="s66"/>
    <Cell ss:StyleID="s67"/>
    <Cell ss:StyleID="s67"/>
   </Row>
   <Row ss:AutoFitHeight="0">
    <Cell ss:StyleID="s66"/>
    <Cell ss:Index="6" ss:StyleID="s66"/>
    <Cell ss:StyleID="s67"/>
    <Cell ss:StyleID="s67"/>
   </Row>
   <Row ss:AutoFitHeight="0">
    <Cell ss:StyleID="s66"/>
    <Cell ss:Index="6" ss:StyleID="s66"/>
    <Cell ss:StyleID="s67"/>
    <Cell ss:StyleID="s67"/>
   </Row>
   <Row ss:AutoFitHeight="0">
    <Cell ss:StyleID="s66"/>
    <Cell ss:Index="6" ss:StyleID="s66"/>
    <Cell ss:StyleID="s67"/>
    <Cell ss:StyleID="s67"/>
   </Row>
   <Row ss:AutoFitHeight="0">
    <Cell ss:StyleID="s66"/>
    <Cell ss:Index="6" ss:StyleID="s66"/>
    <Cell ss:StyleID="s67"/>
    <Cell ss:StyleID="s67"/>
   </Row>
   <Row ss:AutoFitHeight="0">
    <Cell ss:StyleID="s66"/>
    <Cell ss:Index="6" ss:StyleID="s66"/>
    <Cell ss:StyleID="s67"/>
    <Cell ss:StyleID="s67"/>
   </Row>
   <Row ss:AutoFitHeight="0">
    <Cell ss:StyleID="s66"/>
    <Cell ss:Index="6" ss:StyleID="s66"/>
    <Cell ss:StyleID="s67"/>
    <Cell ss:StyleID="s67"/>
   </Row>
   <Row ss:AutoFitHeight="0">
    <Cell ss:StyleID="s66"/>
    <Cell ss:Index="6" ss:StyleID="s66"/>
    <Cell ss:StyleID="s67"/>
    <Cell ss:StyleID="s67"/>
   </Row>
   <Row ss:AutoFitHeight="0">
    <Cell ss:StyleID="s66"/>
    <Cell ss:Index="6" ss:StyleID="s66"/>
    <Cell ss:StyleID="s67"/>
    <Cell ss:StyleID="s67"/>
   </Row>
   <Row ss:AutoFitHeight="0">
    <Cell ss:StyleID="s66"/>
    <Cell ss:Index="6" ss:StyleID="s66"/>
    <Cell ss:StyleID="s67"/>
    <Cell ss:StyleID="s67"/>
   </Row>
   <Row ss:AutoFitHeight="0">
    <Cell ss:StyleID="s66"/>
    <Cell ss:Index="6" ss:StyleID="s66"/>
    <Cell ss:StyleID="s67"/>
    <Cell ss:StyleID="s67"/>
   </Row>
   <Row ss:AutoFitHeight="0">
    <Cell ss:StyleID="s66"/>
    <Cell ss:Index="6" ss:StyleID="s66"/>
    <Cell ss:StyleID="s67"/>
    <Cell ss:StyleID="s67"/>
   </Row>
   <Row ss:AutoFitHeight="0">
    <Cell ss:StyleID="s66"/>
    <Cell ss:Index="6" ss:StyleID="s66"/>
    <Cell ss:StyleID="s67"/>
    <Cell ss:StyleID="s67"/>
   </Row>
   <Row ss:AutoFitHeight="0">
    <Cell ss:StyleID="s66"/>
    <Cell ss:Index="6" ss:StyleID="s66"/>
    <Cell ss:StyleID="s67"/>
    <Cell ss:StyleID="s67"/>
   </Row>
   <Row ss:AutoFitHeight="0">
    <Cell ss:StyleID="s66"/>
    <Cell ss:Index="6" ss:StyleID="s66"/>
    <Cell ss:StyleID="s67"/>
    <Cell ss:StyleID="s67"/>
   </Row>
   <Row ss:AutoFitHeight="0">
    <Cell ss:StyleID="s66"/>
    <Cell ss:Index="6" ss:StyleID="s66"/>
    <Cell ss:StyleID="s67"/>
    <Cell ss:StyleID="s67"/>
   </Row>
   <Row ss:AutoFitHeight="0">
    <Cell ss:StyleID="s66"/>
    <Cell ss:Index="6" ss:StyleID="s66"/>
    <Cell ss:StyleID="s67"/>
    <Cell ss:StyleID="s67"/>
   </Row>
   <Row ss:AutoFitHeight="0">
    <Cell ss:StyleID="s66"/>
    <Cell ss:Index="6" ss:StyleID="s66"/>
    <Cell ss:StyleID="s67"/>
    <Cell ss:StyleID="s67"/>
   </Row>
   <Row ss:AutoFitHeight="0">
    <Cell ss:StyleID="s66"/>
    <Cell ss:Index="6" ss:StyleID="s66"/>
    <Cell ss:StyleID="s67"/>
    <Cell ss:StyleID="s67"/>
   </Row>
   <Row ss:AutoFitHeight="0">
    <Cell ss:StyleID="s66"/>
    <Cell ss:Index="6" ss:StyleID="s66"/>
    <Cell ss:StyleID="s67"/>
    <Cell ss:StyleID="s67"/>
   </Row>
   <Row ss:AutoFitHeight="0">
    <Cell ss:StyleID="s66"/>
    <Cell ss:Index="6" ss:StyleID="s66"/>
    <Cell ss:StyleID="s67"/>
    <Cell ss:StyleID="s67"/>
   </Row>
   <Row ss:AutoFitHeight="0">
    <Cell ss:StyleID="s66"/>
    <Cell ss:Index="6" ss:StyleID="s66"/>
    <Cell ss:StyleID="s67"/>
    <Cell ss:StyleID="s67"/>
   </Row>
   <Row ss:AutoFitHeight="0">
    <Cell ss:StyleID="s66"/>
    <Cell ss:Index="6" ss:StyleID="s66"/>
    <Cell ss:StyleID="s67"/>
    <Cell ss:StyleID="s67"/>
   </Row>
   <Row ss:AutoFitHeight="0">
    <Cell ss:StyleID="s66"/>
    <Cell ss:Index="6" ss:StyleID="s66"/>
    <Cell ss:StyleID="s67"/>
    <Cell ss:StyleID="s67"/>
   </Row>
   <Row ss:AutoFitHeight="0">
    <Cell ss:StyleID="s66"/>
    <Cell ss:Index="6" ss:StyleID="s66"/>
    <Cell ss:StyleID="s67"/>
    <Cell ss:StyleID="s67"/>
   </Row>
   <Row ss:AutoFitHeight="0">
    <Cell ss:StyleID="s66"/>
    <Cell ss:Index="6" ss:StyleID="s66"/>
    <Cell ss:StyleID="s67"/>
    <Cell ss:StyleID="s67"/>
   </Row>
   <Row ss:AutoFitHeight="0">
    <Cell ss:StyleID="s66"/>
    <Cell ss:Index="6" ss:StyleID="s66"/>
    <Cell ss:StyleID="s67"/>
    <Cell ss:StyleID="s67"/>
   </Row>
   <Row ss:AutoFitHeight="0">
    <Cell ss:StyleID="s66"/>
    <Cell ss:Index="6" ss:StyleID="s66"/>
    <Cell ss:StyleID="s67"/>
    <Cell ss:StyleID="s67"/>
   </Row>
   <Row ss:AutoFitHeight="0">
    <Cell ss:StyleID="s66"/>
    <Cell ss:Index="6" ss:StyleID="s66"/>
    <Cell ss:StyleID="s67"/>
    <Cell ss:StyleID="s67"/>
   </Row>
   <Row ss:AutoFitHeight="0">
    <Cell ss:StyleID="s66"/>
    <Cell ss:Index="6" ss:StyleID="s66"/>
    <Cell ss:StyleID="s67"/>
    <Cell ss:StyleID="s67"/>
   </Row>
   <Row ss:AutoFitHeight="0">
    <Cell ss:StyleID="s66"/>
    <Cell ss:Index="6" ss:StyleID="s66"/>
    <Cell ss:StyleID="s67"/>
    <Cell ss:StyleID="s67"/>
   </Row>
   <Row ss:AutoFitHeight="0">
    <Cell ss:StyleID="s66"/>
    <Cell ss:Index="6" ss:StyleID="s66"/>
    <Cell ss:StyleID="s67"/>
    <Cell ss:StyleID="s67"/>
   </Row>
   <Row ss:AutoFitHeight="0">
    <Cell ss:StyleID="s66"/>
    <Cell ss:Index="6" ss:StyleID="s66"/>
    <Cell ss:StyleID="s67"/>
    <Cell ss:StyleID="s67"/>
   </Row>
   <Row ss:AutoFitHeight="0">
    <Cell ss:StyleID="s66"/>
    <Cell ss:Index="6" ss:StyleID="s66"/>
    <Cell ss:StyleID="s67"/>
    <Cell ss:StyleID="s67"/>
   </Row>
   <Row ss:AutoFitHeight="0">
    <Cell ss:StyleID="s66"/>
    <Cell ss:Index="6" ss:StyleID="s66"/>
    <Cell ss:StyleID="s67"/>
    <Cell ss:StyleID="s67"/>
   </Row>
   <Row ss:AutoFitHeight="0">
    <Cell ss:StyleID="s66"/>
    <Cell ss:Index="6" ss:StyleID="s66"/>
    <Cell ss:StyleID="s67"/>
    <Cell ss:StyleID="s67"/>
   </Row>
   <Row ss:AutoFitHeight="0">
    <Cell ss:StyleID="s66"/>
    <Cell ss:Index="6" ss:StyleID="s66"/>
    <Cell ss:StyleID="s67"/>
    <Cell ss:StyleID="s67"/>
   </Row>
   <Row ss:AutoFitHeight="0">
    <Cell ss:StyleID="s66"/>
    <Cell ss:Index="6" ss:StyleID="s66"/>
    <Cell ss:StyleID="s67"/>
    <Cell ss:StyleID="s67"/>
   </Row>
   <Row ss:AutoFitHeight="0">
    <Cell ss:StyleID="s66"/>
    <Cell ss:Index="6" ss:StyleID="s66"/>
    <Cell ss:StyleID="s67"/>
    <Cell ss:StyleID="s67"/>
   </Row>
   <Row ss:AutoFitHeight="0">
    <Cell ss:StyleID="s66"/>
    <Cell ss:Index="6" ss:StyleID="s66"/>
    <Cell ss:StyleID="s67"/>
    <Cell ss:StyleID="s67"/>
   </Row>
   <Row ss:AutoFitHeight="0">
    <Cell ss:StyleID="s66"/>
    <Cell ss:Index="6" ss:StyleID="s66"/>
    <Cell ss:StyleID="s67"/>
    <Cell ss:StyleID="s67"/>
   </Row>
   <Row ss:AutoFitHeight="0">
    <Cell ss:StyleID="s66"/>
    <Cell ss:Index="6" ss:StyleID="s66"/>
    <Cell ss:StyleID="s67"/>
    <Cell ss:StyleID="s67"/>
   </Row>
   <Row ss:AutoFitHeight="0">
    <Cell ss:StyleID="s66"/>
    <Cell ss:Index="6" ss:StyleID="s66"/>
    <Cell ss:StyleID="s67"/>
    <Cell ss:StyleID="s67"/>
   </Row>
   <Row ss:AutoFitHeight="0">
    <Cell ss:StyleID="s66"/>
    <Cell ss:Index="6" ss:StyleID="s66"/>
    <Cell ss:StyleID="s67"/>
    <Cell ss:StyleID="s67"/>
   </Row>
   <Row ss:AutoFitHeight="0">
    <Cell ss:StyleID="s66"/>
    <Cell ss:Index="6" ss:StyleID="s66"/>
    <Cell ss:StyleID="s67"/>
    <Cell ss:StyleID="s67"/>
   </Row>
   <Row ss:AutoFitHeight="0">
    <Cell ss:StyleID="s66"/>
    <Cell ss:Index="6" ss:StyleID="s66"/>
    <Cell ss:StyleID="s67"/>
    <Cell ss:StyleID="s67"/>
   </Row>
   <Row ss:AutoFitHeight="0">
    <Cell ss:StyleID="s66"/>
    <Cell ss:Index="6" ss:StyleID="s66"/>
    <Cell ss:StyleID="s67"/>
    <Cell ss:StyleID="s67"/>
   </Row>
   <Row ss:AutoFitHeight="0">
    <Cell ss:StyleID="s66"/>
    <Cell ss:Index="6" ss:StyleID="s66"/>
    <Cell ss:StyleID="s67"/>
    <Cell ss:StyleID="s67"/>
   </Row>
   <Row ss:AutoFitHeight="0">
    <Cell ss:StyleID="s66"/>
    <Cell ss:Index="6" ss:StyleID="s66"/>
    <Cell ss:StyleID="s67"/>
    <Cell ss:StyleID="s67"/>
   </Row>
   <Row ss:AutoFitHeight="0">
    <Cell ss:StyleID="s66"/>
    <Cell ss:Index="6" ss:StyleID="s66"/>
    <Cell ss:StyleID="s67"/>
    <Cell ss:StyleID="s67"/>
   </Row>
   <Row ss:AutoFitHeight="0">
    <Cell ss:StyleID="s66"/>
    <Cell ss:Index="6" ss:StyleID="s66"/>
    <Cell ss:StyleID="s67"/>
    <Cell ss:StyleID="s67"/>
   </Row>
   <Row ss:AutoFitHeight="0">
    <Cell ss:StyleID="s66"/>
    <Cell ss:Index="6" ss:StyleID="s66"/>
    <Cell ss:StyleID="s67"/>
    <Cell ss:StyleID="s67"/>
   </Row>
   <Row ss:AutoFitHeight="0">
    <Cell ss:StyleID="s66"/>
    <Cell ss:Index="6" ss:StyleID="s66"/>
    <Cell ss:StyleID="s67"/>
    <Cell ss:StyleID="s67"/>
   </Row>
   <Row ss:AutoFitHeight="0">
    <Cell ss:StyleID="s66"/>
    <Cell ss:Index="6" ss:StyleID="s66"/>
    <Cell ss:StyleID="s67"/>
    <Cell ss:StyleID="s67"/>
   </Row>
   <Row ss:AutoFitHeight="0">
    <Cell ss:StyleID="s66"/>
    <Cell ss:Index="6" ss:StyleID="s66"/>
    <Cell ss:StyleID="s67"/>
    <Cell ss:StyleID="s67"/>
   </Row>
   <Row ss:AutoFitHeight="0">
    <Cell ss:StyleID="s66"/>
    <Cell ss:Index="6" ss:StyleID="s66"/>
    <Cell ss:StyleID="s67"/>
    <Cell ss:StyleID="s67"/>
   </Row>
   <Row ss:AutoFitHeight="0">
    <Cell ss:StyleID="s66"/>
    <Cell ss:Index="6" ss:StyleID="s66"/>
    <Cell ss:StyleID="s67"/>
    <Cell ss:StyleID="s67"/>
   </Row>
   <Row ss:AutoFitHeight="0">
    <Cell ss:StyleID="s66"/>
    <Cell ss:Index="6" ss:StyleID="s66"/>
    <Cell ss:StyleID="s67"/>
    <Cell ss:StyleID="s67"/>
   </Row>
   <Row ss:AutoFitHeight="0">
    <Cell ss:StyleID="s66"/>
    <Cell ss:Index="6" ss:StyleID="s66"/>
    <Cell ss:StyleID="s67"/>
    <Cell ss:StyleID="s67"/>
   </Row>
   <Row ss:AutoFitHeight="0">
    <Cell ss:StyleID="s66"/>
    <Cell ss:Index="6" ss:StyleID="s66"/>
    <Cell ss:StyleID="s67"/>
    <Cell ss:StyleID="s67"/>
   </Row>
   <Row ss:AutoFitHeight="0">
    <Cell ss:StyleID="s66"/>
    <Cell ss:Index="6" ss:StyleID="s66"/>
    <Cell ss:StyleID="s67"/>
    <Cell ss:StyleID="s67"/>
   </Row>
   <Row ss:AutoFitHeight="0">
    <Cell ss:StyleID="s66"/>
    <Cell ss:Index="6" ss:StyleID="s66"/>
    <Cell ss:StyleID="s67"/>
    <Cell ss:StyleID="s67"/>
   </Row>
   <Row ss:AutoFitHeight="0">
    <Cell ss:StyleID="s66"/>
    <Cell ss:Index="6" ss:StyleID="s66"/>
    <Cell ss:StyleID="s67"/>
    <Cell ss:StyleID="s67"/>
   </Row>
   <Row ss:AutoFitHeight="0">
    <Cell ss:StyleID="s66"/>
    <Cell ss:Index="6" ss:StyleID="s66"/>
    <Cell ss:StyleID="s67"/>
    <Cell ss:StyleID="s67"/>
   </Row>
   <Row ss:AutoFitHeight="0">
    <Cell ss:StyleID="s66"/>
    <Cell ss:Index="6" ss:StyleID="s66"/>
    <Cell ss:StyleID="s67"/>
    <Cell ss:StyleID="s67"/>
   </Row>
   <Row ss:AutoFitHeight="0">
    <Cell ss:StyleID="s66"/>
    <Cell ss:Index="6" ss:StyleID="s66"/>
    <Cell ss:StyleID="s67"/>
    <Cell ss:StyleID="s67"/>
   </Row>
   <Row ss:AutoFitHeight="0">
    <Cell ss:StyleID="s66"/>
    <Cell ss:Index="6" ss:StyleID="s66"/>
    <Cell ss:StyleID="s67"/>
    <Cell ss:StyleID="s67"/>
   </Row>
   <Row ss:AutoFitHeight="0">
    <Cell ss:StyleID="s66"/>
    <Cell ss:Index="6" ss:StyleID="s66"/>
    <Cell ss:StyleID="s67"/>
    <Cell ss:StyleID="s67"/>
   </Row>
   <Row ss:AutoFitHeight="0">
    <Cell ss:StyleID="s66"/>
    <Cell ss:Index="6" ss:StyleID="s66"/>
    <Cell ss:StyleID="s67"/>
    <Cell ss:StyleID="s67"/>
   </Row>
   <Row ss:AutoFitHeight="0">
    <Cell ss:StyleID="s66"/>
    <Cell ss:Index="6" ss:StyleID="s66"/>
    <Cell ss:StyleID="s67"/>
    <Cell ss:StyleID="s67"/>
   </Row>
   <Row ss:AutoFitHeight="0">
    <Cell ss:StyleID="s66"/>
    <Cell ss:Index="6" ss:StyleID="s66"/>
    <Cell ss:StyleID="s67"/>
    <Cell ss:StyleID="s67"/>
   </Row>
   <Row ss:AutoFitHeight="0">
    <Cell ss:StyleID="s66"/>
    <Cell ss:Index="6" ss:StyleID="s66"/>
    <Cell ss:StyleID="s67"/>
    <Cell ss:StyleID="s67"/>
   </Row>
   <Row ss:AutoFitHeight="0">
    <Cell ss:StyleID="s66"/>
    <Cell ss:Index="6" ss:StyleID="s66"/>
    <Cell ss:StyleID="s67"/>
    <Cell ss:StyleID="s67"/>
   </Row>
   <Row ss:AutoFitHeight="0">
    <Cell ss:StyleID="s66"/>
    <Cell ss:Index="6" ss:StyleID="s66"/>
    <Cell ss:StyleID="s67"/>
    <Cell ss:StyleID="s67"/>
   </Row>
   <Row ss:AutoFitHeight="0">
    <Cell ss:StyleID="s66"/>
    <Cell ss:Index="6" ss:StyleID="s66"/>
    <Cell ss:StyleID="s67"/>
    <Cell ss:StyleID="s67"/>
   </Row>
   <Row ss:AutoFitHeight="0">
    <Cell ss:StyleID="s66"/>
    <Cell ss:Index="6" ss:StyleID="s66"/>
    <Cell ss:StyleID="s67"/>
    <Cell ss:StyleID="s67"/>
   </Row>
   <Row ss:AutoFitHeight="0">
    <Cell ss:StyleID="s66"/>
    <Cell ss:Index="6" ss:StyleID="s66"/>
    <Cell ss:StyleID="s67"/>
    <Cell ss:StyleID="s67"/>
   </Row>
   <Row ss:AutoFitHeight="0">
    <Cell ss:StyleID="s66"/>
    <Cell ss:Index="6" ss:StyleID="s66"/>
    <Cell ss:StyleID="s67"/>
    <Cell ss:StyleID="s67"/>
   </Row>
   <Row ss:AutoFitHeight="0">
    <Cell ss:StyleID="s66"/>
    <Cell ss:Index="6" ss:StyleID="s66"/>
    <Cell ss:StyleID="s67"/>
    <Cell ss:StyleID="s67"/>
   </Row>
   <Row ss:AutoFitHeight="0">
    <Cell ss:StyleID="s66"/>
    <Cell ss:Index="6" ss:StyleID="s66"/>
    <Cell ss:StyleID="s67"/>
    <Cell ss:StyleID="s67"/>
   </Row>
   <Row ss:AutoFitHeight="0">
    <Cell ss:StyleID="s66"/>
    <Cell ss:Index="6" ss:StyleID="s66"/>
    <Cell ss:StyleID="s67"/>
    <Cell ss:StyleID="s67"/>
   </Row>
   <Row ss:AutoFitHeight="0">
    <Cell ss:StyleID="s66"/>
    <Cell ss:Index="6" ss:StyleID="s66"/>
    <Cell ss:StyleID="s67"/>
    <Cell ss:StyleID="s67"/>
   </Row>
   <Row ss:AutoFitHeight="0">
    <Cell ss:StyleID="s66"/>
    <Cell ss:Index="6" ss:StyleID="s66"/>
    <Cell ss:StyleID="s67"/>
    <Cell ss:StyleID="s67"/>
   </Row>
   <Row ss:AutoFitHeight="0">
    <Cell ss:StyleID="s66"/>
    <Cell ss:Index="6" ss:StyleID="s66"/>
    <Cell ss:StyleID="s67"/>
    <Cell ss:StyleID="s67"/>
   </Row>
   <Row ss:AutoFitHeight="0">
    <Cell ss:StyleID="s66"/>
    <Cell ss:Index="6" ss:StyleID="s66"/>
    <Cell ss:StyleID="s67"/>
    <Cell ss:StyleID="s67"/>
   </Row>
   <Row ss:AutoFitHeight="0">
    <Cell ss:StyleID="s66"/>
    <Cell ss:Index="6" ss:StyleID="s66"/>
    <Cell ss:StyleID="s67"/>
    <Cell ss:StyleID="s67"/>
   </Row>
   <Row ss:AutoFitHeight="0">
    <Cell ss:StyleID="s66"/>
    <Cell ss:Index="6" ss:StyleID="s66"/>
    <Cell ss:StyleID="s67"/>
    <Cell ss:StyleID="s67"/>
   </Row>
   <Row ss:AutoFitHeight="0">
    <Cell ss:StyleID="s66"/>
    <Cell ss:Index="6" ss:StyleID="s66"/>
    <Cell ss:StyleID="s67"/>
    <Cell ss:StyleID="s67"/>
   </Row>
   <Row ss:AutoFitHeight="0">
    <Cell ss:StyleID="s66"/>
    <Cell ss:Index="6" ss:StyleID="s66"/>
    <Cell ss:StyleID="s67"/>
    <Cell ss:StyleID="s67"/>
   </Row>
   <Row ss:AutoFitHeight="0">
    <Cell ss:StyleID="s66"/>
    <Cell ss:Index="6" ss:StyleID="s66"/>
    <Cell ss:StyleID="s67"/>
    <Cell ss:StyleID="s67"/>
   </Row>
   <Row ss:AutoFitHeight="0">
    <Cell ss:StyleID="s66"/>
    <Cell ss:Index="6" ss:StyleID="s66"/>
    <Cell ss:StyleID="s67"/>
    <Cell ss:StyleID="s67"/>
   </Row>
   <Row ss:AutoFitHeight="0">
    <Cell ss:StyleID="s66"/>
    <Cell ss:Index="6" ss:StyleID="s66"/>
    <Cell ss:StyleID="s67"/>
    <Cell ss:StyleID="s67"/>
   </Row>
   <Row ss:AutoFitHeight="0">
    <Cell ss:StyleID="s66"/>
    <Cell ss:Index="6" ss:StyleID="s66"/>
    <Cell ss:StyleID="s67"/>
    <Cell ss:StyleID="s67"/>
   </Row>
   <Row ss:AutoFitHeight="0">
    <Cell ss:StyleID="s66"/>
    <Cell ss:Index="6" ss:StyleID="s66"/>
    <Cell ss:StyleID="s67"/>
    <Cell ss:StyleID="s67"/>
   </Row>
   <Row ss:AutoFitHeight="0">
    <Cell ss:StyleID="s66"/>
    <Cell ss:Index="6" ss:StyleID="s66"/>
    <Cell ss:StyleID="s67"/>
    <Cell ss:StyleID="s67"/>
   </Row>
   <Row ss:AutoFitHeight="0">
    <Cell ss:StyleID="s66"/>
    <Cell ss:Index="6" ss:StyleID="s66"/>
    <Cell ss:StyleID="s67"/>
    <Cell ss:StyleID="s67"/>
   </Row>
   <Row ss:AutoFitHeight="0">
    <Cell ss:StyleID="s66"/>
    <Cell ss:Index="6" ss:StyleID="s66"/>
    <Cell ss:StyleID="s67"/>
    <Cell ss:StyleID="s67"/>
   </Row>
   <Row ss:AutoFitHeight="0">
    <Cell ss:StyleID="s66"/>
    <Cell ss:Index="6" ss:StyleID="s66"/>
    <Cell ss:StyleID="s67"/>
    <Cell ss:StyleID="s67"/>
   </Row>
   <Row ss:AutoFitHeight="0">
    <Cell ss:StyleID="s66"/>
    <Cell ss:Index="6" ss:StyleID="s66"/>
    <Cell ss:StyleID="s67"/>
    <Cell ss:StyleID="s67"/>
   </Row>
   <Row ss:AutoFitHeight="0">
    <Cell ss:StyleID="s66"/>
    <Cell ss:Index="6" ss:StyleID="s66"/>
    <Cell ss:StyleID="s67"/>
    <Cell ss:StyleID="s67"/>
   </Row>
   <Row ss:AutoFitHeight="0">
    <Cell ss:StyleID="s66"/>
    <Cell ss:Index="6" ss:StyleID="s66"/>
    <Cell ss:StyleID="s67"/>
    <Cell ss:StyleID="s67"/>
   </Row>
   <Row ss:AutoFitHeight="0">
    <Cell ss:StyleID="s66"/>
    <Cell ss:Index="6" ss:StyleID="s66"/>
    <Cell ss:StyleID="s68"/>
    <Cell ss:StyleID="s67"/>
   </Row>
   <Row ss:AutoFitHeight="0">
    <Cell ss:StyleID="s66"/>
    <Cell ss:Index="6" ss:StyleID="s66"/>
    <Cell ss:StyleID="s68"/>
    <Cell ss:StyleID="s67"/>
   </Row>
   <Row ss:AutoFitHeight="0">
    <Cell ss:StyleID="s66"/>
    <Cell ss:Index="6" ss:StyleID="s66"/>
    <Cell ss:StyleID="s68"/>
    <Cell ss:StyleID="s67"/>
   </Row>
   <Row ss:AutoFitHeight="0">
    <Cell ss:StyleID="s66"/>
    <Cell ss:Index="6" ss:StyleID="s66"/>
    <Cell ss:StyleID="s68"/>
    <Cell ss:StyleID="s67"/>
   </Row>
   <Row ss:AutoFitHeight="0">
    <Cell ss:StyleID="s66"/>
    <Cell ss:Index="6" ss:StyleID="s66"/>
    <Cell ss:StyleID="s68"/>
    <Cell ss:StyleID="s67"/>
   </Row>
   <Row ss:AutoFitHeight="0">
    <Cell ss:StyleID="s66"/>
    <Cell ss:Index="6" ss:StyleID="s66"/>
    <Cell ss:StyleID="s68"/>
    <Cell ss:StyleID="s67"/>
   </Row>
   <Row ss:AutoFitHeight="0">
    <Cell ss:StyleID="s66"/>
    <Cell ss:Index="6" ss:StyleID="s66"/>
    <Cell ss:StyleID="s68"/>
    <Cell ss:StyleID="s67"/>
   </Row>
   <Row ss:AutoFitHeight="0">
    <Cell ss:StyleID="s66"/>
    <Cell ss:Index="6" ss:StyleID="s66"/>
    <Cell ss:StyleID="s68"/>
    <Cell ss:StyleID="s67"/>
   </Row>
   <Row ss:AutoFitHeight="0">
    <Cell ss:StyleID="s66"/>
    <Cell ss:Index="6" ss:StyleID="s66"/>
    <Cell ss:StyleID="s68"/>
    <Cell ss:StyleID="s67"/>
   </Row>
   <Row ss:AutoFitHeight="0">
    <Cell ss:StyleID="s66"/>
    <Cell ss:Index="6" ss:StyleID="s66"/>
    <Cell ss:StyleID="s68"/>
    <Cell ss:StyleID="s67"/>
   </Row>
   <Row ss:AutoFitHeight="0">
    <Cell ss:StyleID="s66"/>
    <Cell ss:Index="6" ss:StyleID="s66"/>
    <Cell ss:StyleID="s68"/>
    <Cell ss:StyleID="s67"/>
   </Row>
   <Row ss:AutoFitHeight="0">
    <Cell ss:StyleID="s66"/>
    <Cell ss:Index="6" ss:StyleID="s66"/>
    <Cell ss:StyleID="s68"/>
    <Cell ss:StyleID="s67"/>
   </Row>
   <Row ss:AutoFitHeight="0">
    <Cell ss:StyleID="s66"/>
    <Cell ss:Index="6" ss:StyleID="s66"/>
    <Cell ss:StyleID="s68"/>
    <Cell ss:StyleID="s67"/>
   </Row>
   <Row ss:AutoFitHeight="0">
    <Cell ss:StyleID="s66"/>
    <Cell ss:Index="6" ss:StyleID="s66"/>
    <Cell ss:StyleID="s68"/>
    <Cell ss:StyleID="s67"/>
   </Row>
   <Row ss:AutoFitHeight="0">
    <Cell ss:StyleID="s66"/>
    <Cell ss:Index="6" ss:StyleID="s66"/>
    <Cell ss:StyleID="s68"/>
    <Cell ss:StyleID="s67"/>
   </Row>
   <Row ss:AutoFitHeight="0">
    <Cell ss:StyleID="s66"/>
    <Cell ss:Index="6" ss:StyleID="s66"/>
    <Cell ss:StyleID="s68"/>
    <Cell ss:StyleID="s67"/>
   </Row>
   <Row ss:AutoFitHeight="0">
    <Cell ss:StyleID="s66"/>
    <Cell ss:Index="6" ss:StyleID="s66"/>
    <Cell ss:StyleID="s68"/>
    <Cell ss:StyleID="s67"/>
   </Row>
   <Row ss:AutoFitHeight="0">
    <Cell ss:StyleID="s66"/>
    <Cell ss:Index="6" ss:StyleID="s66"/>
    <Cell ss:StyleID="s68"/>
    <Cell ss:StyleID="s67"/>
   </Row>
   <Row ss:AutoFitHeight="0">
    <Cell ss:StyleID="s66"/>
    <Cell ss:Index="6" ss:StyleID="s66"/>
    <Cell ss:StyleID="s68"/>
    <Cell ss:StyleID="s67"/>
   </Row>
   <Row ss:AutoFitHeight="0">
    <Cell ss:StyleID="s66"/>
    <Cell ss:Index="6" ss:StyleID="s66"/>
    <Cell ss:StyleID="s68"/>
    <Cell ss:StyleID="s67"/>
   </Row>
   <Row ss:AutoFitHeight="0">
    <Cell ss:StyleID="s66"/>
    <Cell ss:Index="6" ss:StyleID="s66"/>
    <Cell ss:StyleID="s68"/>
    <Cell ss:StyleID="s67"/>
   </Row>
   <Row ss:AutoFitHeight="0">
    <Cell ss:StyleID="s66"/>
    <Cell ss:Index="6" ss:StyleID="s66"/>
    <Cell ss:StyleID="s68"/>
    <Cell ss:StyleID="s67"/>
   </Row>
   <Row ss:AutoFitHeight="0">
    <Cell ss:StyleID="s66"/>
    <Cell ss:Index="6" ss:StyleID="s66"/>
    <Cell ss:StyleID="s68"/>
    <Cell ss:StyleID="s67"/>
   </Row>
   <Row ss:AutoFitHeight="0">
    <Cell ss:StyleID="s66"/>
    <Cell ss:Index="6" ss:StyleID="s66"/>
    <Cell ss:StyleID="s68"/>
    <Cell ss:StyleID="s67"/>
   </Row>
   <Row ss:AutoFitHeight="0">
    <Cell ss:StyleID="s66"/>
    <Cell ss:Index="6" ss:StyleID="s66"/>
    <Cell ss:StyleID="s68"/>
    <Cell ss:StyleID="s67"/>
   </Row>
   <Row ss:AutoFitHeight="0">
    <Cell ss:StyleID="s66"/>
    <Cell ss:Index="6" ss:StyleID="s66"/>
    <Cell ss:StyleID="s68"/>
    <Cell ss:StyleID="s67"/>
   </Row>
   <Row ss:AutoFitHeight="0">
    <Cell ss:StyleID="s66"/>
    <Cell ss:Index="6" ss:StyleID="s66"/>
    <Cell ss:StyleID="s68"/>
    <Cell ss:StyleID="s67"/>
   </Row>
   <Row ss:AutoFitHeight="0">
    <Cell ss:StyleID="s66"/>
    <Cell ss:Index="6" ss:StyleID="s66"/>
    <Cell ss:StyleID="s68"/>
    <Cell ss:StyleID="s67"/>
   </Row>
   <Row ss:AutoFitHeight="0">
    <Cell ss:StyleID="s66"/>
    <Cell ss:Index="6" ss:StyleID="s66"/>
    <Cell ss:StyleID="s68"/>
    <Cell ss:StyleID="s67"/>
   </Row>
   <Row ss:AutoFitHeight="0">
    <Cell ss:StyleID="s66"/>
    <Cell ss:Index="6" ss:StyleID="s66"/>
    <Cell ss:StyleID="s68"/>
    <Cell ss:StyleID="s67"/>
   </Row>
   <Row ss:AutoFitHeight="0">
    <Cell ss:StyleID="s66"/>
    <Cell ss:Index="6" ss:StyleID="s66"/>
    <Cell ss:StyleID="s68"/>
    <Cell ss:StyleID="s67"/>
   </Row>
   <Row ss:AutoFitHeight="0">
    <Cell ss:StyleID="s66"/>
    <Cell ss:Index="6" ss:StyleID="s66"/>
    <Cell ss:StyleID="s68"/>
    <Cell ss:StyleID="s67"/>
   </Row>
   <Row ss:AutoFitHeight="0">
    <Cell ss:StyleID="s66"/>
    <Cell ss:Index="6" ss:StyleID="s66"/>
    <Cell ss:StyleID="s68"/>
    <Cell ss:StyleID="s67"/>
   </Row>
   <Row ss:AutoFitHeight="0">
    <Cell ss:StyleID="s66"/>
    <Cell ss:Index="6" ss:StyleID="s66"/>
    <Cell ss:StyleID="s68"/>
    <Cell ss:StyleID="s67"/>
   </Row>
   <Row ss:AutoFitHeight="0">
    <Cell ss:StyleID="s66"/>
    <Cell ss:Index="6" ss:StyleID="s66"/>
    <Cell ss:StyleID="s68"/>
    <Cell ss:StyleID="s67"/>
   </Row>
   <Row ss:AutoFitHeight="0">
    <Cell ss:StyleID="s66"/>
    <Cell ss:Index="6" ss:StyleID="s66"/>
    <Cell ss:StyleID="s68"/>
    <Cell ss:StyleID="s67"/>
   </Row>
   <Row ss:AutoFitHeight="0">
    <Cell ss:StyleID="s66"/>
    <Cell ss:Index="6" ss:StyleID="s66"/>
    <Cell ss:StyleID="s68"/>
    <Cell ss:StyleID="s67"/>
   </Row>
   <Row ss:AutoFitHeight="0">
    <Cell ss:StyleID="s66"/>
    <Cell ss:Index="6" ss:StyleID="s66"/>
    <Cell ss:StyleID="s68"/>
    <Cell ss:StyleID="s67"/>
   </Row>
   <Row ss:AutoFitHeight="0">
    <Cell ss:StyleID="s66"/>
    <Cell ss:Index="6" ss:StyleID="s66"/>
    <Cell ss:StyleID="s68"/>
    <Cell ss:StyleID="s67"/>
   </Row>
   <Row ss:AutoFitHeight="0">
    <Cell ss:StyleID="s66"/>
    <Cell ss:Index="6" ss:StyleID="s66"/>
    <Cell ss:StyleID="s68"/>
    <Cell ss:StyleID="s67"/>
   </Row>
   <Row ss:AutoFitHeight="0">
    <Cell ss:StyleID="s66"/>
    <Cell ss:Index="6" ss:StyleID="s66"/>
    <Cell ss:StyleID="s68"/>
    <Cell ss:StyleID="s67"/>
   </Row>
   <Row ss:AutoFitHeight="0">
    <Cell ss:StyleID="s66"/>
    <Cell ss:Index="6" ss:StyleID="s66"/>
    <Cell ss:StyleID="s68"/>
    <Cell ss:StyleID="s67"/>
   </Row>
   <Row ss:AutoFitHeight="0">
    <Cell ss:StyleID="s66"/>
    <Cell ss:Index="6" ss:StyleID="s66"/>
    <Cell ss:StyleID="s68"/>
    <Cell ss:StyleID="s67"/>
   </Row>
   <Row ss:AutoFitHeight="0">
    <Cell ss:StyleID="s66"/>
    <Cell ss:Index="6" ss:StyleID="s66"/>
    <Cell ss:StyleID="s68"/>
    <Cell ss:StyleID="s67"/>
   </Row>
   <Row ss:AutoFitHeight="0">
    <Cell ss:StyleID="s66"/>
    <Cell ss:Index="6" ss:StyleID="s66"/>
    <Cell ss:StyleID="s68"/>
    <Cell ss:StyleID="s67"/>
   </Row>
   <Row ss:AutoFitHeight="0">
    <Cell ss:StyleID="s66"/>
    <Cell ss:Index="6" ss:StyleID="s66"/>
    <Cell ss:StyleID="s68"/>
    <Cell ss:StyleID="s67"/>
   </Row>
   <Row ss:AutoFitHeight="0">
    <Cell ss:StyleID="s66"/>
    <Cell ss:Index="6" ss:StyleID="s66"/>
    <Cell ss:StyleID="s68"/>
    <Cell ss:StyleID="s67"/>
   </Row>
   <Row ss:AutoFitHeight="0">
    <Cell ss:StyleID="s66"/>
    <Cell ss:Index="6" ss:StyleID="s66"/>
    <Cell ss:StyleID="s68"/>
    <Cell ss:StyleID="s67"/>
   </Row>
   <Row ss:AutoFitHeight="0">
    <Cell ss:StyleID="s66"/>
    <Cell ss:Index="6" ss:StyleID="s66"/>
    <Cell ss:StyleID="s68"/>
    <Cell ss:StyleID="s67"/>
   </Row>
   <Row ss:AutoFitHeight="0">
    <Cell ss:StyleID="s66"/>
    <Cell ss:Index="6" ss:StyleID="s66"/>
    <Cell ss:StyleID="s68"/>
    <Cell ss:StyleID="s67"/>
   </Row>
   <Row ss:AutoFitHeight="0">
    <Cell ss:StyleID="s66"/>
    <Cell ss:Index="6" ss:StyleID="s66"/>
    <Cell ss:StyleID="s68"/>
    <Cell ss:StyleID="s67"/>
   </Row>
   <Row ss:AutoFitHeight="0">
    <Cell ss:StyleID="s66"/>
    <Cell ss:Index="6" ss:StyleID="s66"/>
    <Cell ss:StyleID="s68"/>
    <Cell ss:StyleID="s67"/>
   </Row>
   <Row ss:AutoFitHeight="0">
    <Cell ss:StyleID="s66"/>
    <Cell ss:Index="6" ss:StyleID="s66"/>
    <Cell ss:StyleID="s68"/>
    <Cell ss:StyleID="s67"/>
   </Row>
   <Row ss:AutoFitHeight="0">
    <Cell ss:StyleID="s66"/>
    <Cell ss:Index="6" ss:StyleID="s66"/>
    <Cell ss:StyleID="s68"/>
    <Cell ss:StyleID="s67"/>
   </Row>
   <Row ss:AutoFitHeight="0">
    <Cell ss:StyleID="s66"/>
    <Cell ss:Index="6" ss:StyleID="s66"/>
    <Cell ss:StyleID="s68"/>
    <Cell ss:StyleID="s67"/>
   </Row>
   <Row ss:AutoFitHeight="0">
    <Cell ss:StyleID="s66"/>
    <Cell ss:Index="6" ss:StyleID="s66"/>
    <Cell ss:StyleID="s68"/>
    <Cell ss:StyleID="s67"/>
   </Row>
   <Row ss:AutoFitHeight="0">
    <Cell ss:StyleID="s66"/>
    <Cell ss:Index="6" ss:StyleID="s66"/>
    <Cell ss:StyleID="s68"/>
    <Cell ss:StyleID="s67"/>
   </Row>
   <Row ss:AutoFitHeight="0">
    <Cell ss:StyleID="s66"/>
    <Cell ss:Index="6" ss:StyleID="s66"/>
    <Cell ss:StyleID="s68"/>
    <Cell ss:StyleID="s67"/>
   </Row>
   <Row ss:AutoFitHeight="0">
    <Cell ss:StyleID="s66"/>
    <Cell ss:Index="6" ss:StyleID="s66"/>
    <Cell ss:StyleID="s68"/>
    <Cell ss:StyleID="s67"/>
   </Row>
   <Row ss:AutoFitHeight="0">
    <Cell ss:StyleID="s66"/>
    <Cell ss:Index="6" ss:StyleID="s66"/>
    <Cell ss:StyleID="s68"/>
    <Cell ss:StyleID="s67"/>
   </Row>
   <Row ss:AutoFitHeight="0">
    <Cell ss:StyleID="s66"/>
    <Cell ss:Index="6" ss:StyleID="s66"/>
    <Cell ss:StyleID="s68"/>
    <Cell ss:StyleID="s67"/>
   </Row>
   <Row ss:AutoFitHeight="0">
    <Cell ss:StyleID="s66"/>
    <Cell ss:Index="6" ss:StyleID="s66"/>
    <Cell ss:StyleID="s68"/>
    <Cell ss:StyleID="s67"/>
   </Row>
   <Row ss:AutoFitHeight="0">
    <Cell ss:StyleID="s66"/>
    <Cell ss:Index="6" ss:StyleID="s66"/>
    <Cell ss:StyleID="s68"/>
    <Cell ss:StyleID="s67"/>
   </Row>
   <Row ss:AutoFitHeight="0">
    <Cell ss:StyleID="s66"/>
    <Cell ss:Index="6" ss:StyleID="s66"/>
    <Cell ss:StyleID="s68"/>
    <Cell ss:StyleID="s67"/>
   </Row>
   <Row ss:AutoFitHeight="0">
    <Cell ss:StyleID="s66"/>
    <Cell ss:Index="6" ss:StyleID="s66"/>
    <Cell ss:StyleID="s68"/>
    <Cell ss:StyleID="s67"/>
   </Row>
   <Row ss:AutoFitHeight="0">
    <Cell ss:StyleID="s66"/>
    <Cell ss:Index="6" ss:StyleID="s66"/>
    <Cell ss:StyleID="s68"/>
    <Cell ss:StyleID="s67"/>
   </Row>
   <Row ss:AutoFitHeight="0">
    <Cell ss:StyleID="s66"/>
    <Cell ss:Index="6" ss:StyleID="s66"/>
    <Cell ss:StyleID="s68"/>
    <Cell ss:StyleID="s67"/>
   </Row>
   <Row ss:AutoFitHeight="0">
    <Cell ss:StyleID="s66"/>
    <Cell ss:Index="6" ss:StyleID="s66"/>
    <Cell ss:StyleID="s68"/>
    <Cell ss:StyleID="s67"/>
   </Row>
   <Row ss:AutoFitHeight="0">
    <Cell ss:StyleID="s66"/>
    <Cell ss:Index="6" ss:StyleID="s66"/>
    <Cell ss:StyleID="s68"/>
    <Cell ss:StyleID="s67"/>
   </Row>
   <Row ss:AutoFitHeight="0">
    <Cell ss:StyleID="s66"/>
    <Cell ss:Index="6" ss:StyleID="s66"/>
    <Cell ss:StyleID="s68"/>
    <Cell ss:StyleID="s67"/>
   </Row>
   <Row ss:AutoFitHeight="0">
    <Cell ss:StyleID="s66"/>
    <Cell ss:Index="6" ss:StyleID="s66"/>
    <Cell ss:StyleID="s68"/>
    <Cell ss:StyleID="s67"/>
   </Row>
   <Row ss:AutoFitHeight="0">
    <Cell ss:StyleID="s66"/>
    <Cell ss:Index="6" ss:StyleID="s66"/>
    <Cell ss:StyleID="s68"/>
    <Cell ss:StyleID="s67"/>
   </Row>
   <Row ss:AutoFitHeight="0">
    <Cell ss:StyleID="s66"/>
    <Cell ss:Index="6" ss:StyleID="s66"/>
    <Cell ss:StyleID="s68"/>
    <Cell ss:StyleID="s67"/>
   </Row>
   <Row ss:AutoFitHeight="0">
    <Cell ss:StyleID="s66"/>
    <Cell ss:Index="6" ss:StyleID="s66"/>
    <Cell ss:StyleID="s68"/>
    <Cell ss:StyleID="s67"/>
   </Row>
   <Row ss:AutoFitHeight="0">
    <Cell ss:StyleID="s66"/>
    <Cell ss:Index="6" ss:StyleID="s66"/>
    <Cell ss:StyleID="s68"/>
    <Cell ss:StyleID="s67"/>
   </Row>
   <Row ss:AutoFitHeight="0">
    <Cell ss:StyleID="s66"/>
    <Cell ss:Index="6" ss:StyleID="s66"/>
    <Cell ss:StyleID="s68"/>
    <Cell ss:StyleID="s67"/>
   </Row>
   <Row ss:AutoFitHeight="0">
    <Cell ss:StyleID="s66"/>
    <Cell ss:Index="6" ss:StyleID="s66"/>
    <Cell ss:StyleID="s68"/>
    <Cell ss:StyleID="s67"/>
   </Row>
   <Row ss:AutoFitHeight="0">
    <Cell ss:StyleID="s66"/>
    <Cell ss:Index="6" ss:StyleID="s66"/>
    <Cell ss:StyleID="s68"/>
    <Cell ss:StyleID="s67"/>
   </Row>
   <Row ss:AutoFitHeight="0">
    <Cell ss:StyleID="s66"/>
    <Cell ss:Index="6" ss:StyleID="s66"/>
    <Cell ss:StyleID="s68"/>
    <Cell ss:StyleID="s67"/>
   </Row>
   <Row ss:AutoFitHeight="0">
    <Cell ss:StyleID="s66"/>
    <Cell ss:Index="6" ss:StyleID="s66"/>
    <Cell ss:StyleID="s68"/>
    <Cell ss:StyleID="s67"/>
   </Row>
  </Table>
  <WorksheetOptions xmlns="urn:schemas-microsoft-com:office:excel">
   <PageSetup>
    <Header x:Margin="0.31496062000000002"/>
    <Footer x:Margin="0.31496062000000002"/>
    <PageMargins x:Bottom="0.78740157499999996" x:Left="0.511811024"
     x:Right="0.511811024" x:Top="0.78740157499999996"/>
   </PageSetup>
   <Unsynced/>
   <Selected/>
   <ProtectObjects>False</ProtectObjects>
   <ProtectScenarios>False</ProtectScenarios>
  </WorksheetOptions>
 </Worksheet>
</Workbook>
